    <rule>
        <from>.*</from>
        <set type="response-header" name="Strict-Transport-Security">max-age=31536000</set>
        <set type="response-header" name="X-XSS-Protection">1; mode=block</set>
        <set type="response-header" name="X-Frame-Options">SAMEORIGIN</set>

        <set type="response-header" name="X-Content-Type-Options">nosniff</set>
        <set type="response-header" name="Content-Security-Policy">object-src 'none'; default-src blob: https: 'self' ; script-src 'unsafe-inline' 'unsafe-eval' https: 'self' ; style-src 'unsafe-inline' https: 'self'; img-src https: data: 'self' </set>
    </rule>
