
    &security-headers;

    <!-- detect tenantId in path, store in request attribute, and remove from path -->
    <rule>
        <from>^/([a-zA-Z_]*)/t/([^/]*)($|/)(((?!META-INF|WEB-INF).*))$</from>
        <set type="request" name="UrlRewriteFilter.tenantId">$1</set>
        <set type="request" name="tenantpath">/t/$2</set>
        <to type="forward">/$1/$4</to>
    </rule>

    <rule>
        <from casesensitive="true">^/horizon_workspace_rootca.pem$</from>
        &no-expire;
        <set type="response-header" name="Content-Type">application/x-x509-ca-cert</set>
    </rule>

    <rule>
        <from casesensitive="true">^/lb_rootca.pem$</from>
        &no-expire;
        <set type="response-header" name="Content-Type">application/x-x509-ca-cert</set>
    </rule>

    <rule>
        <from casesensitive="true">^(/apps(?:/|$).*)$</from>
        <to last="true" type="temporary-redirect">/SAAS%{attribute:tenantpath}$1</to>
    </rule>

    <rule>
        <from casesensitive="true">^(/app(?:/|$).*)$</from>
        <to last="true" type="temporary-redirect">/SAAS%{attribute:tenantpath}$1</to>
    </rule>

    <rule>
        <from casesensitive="true">^(/download(?:/|$).*)$</from>
        &no-expire;
        <to last="true" type="temporary-redirect">/SAAS%{attribute:tenantpath}$1</to>
    </rule>

    <rule>
        <from casesensitive="true">^(/cds(?:/|$).*)$</from>
        &no-expire;
        <to last="true">/client$1</to>
    </rule>

    <rule>
        <from casesensitive="true">^(/client(?:/|$).*)$</from>
        &no-expire;
    </rule>

    <rule>
        <from casesensitive="true">^(/img(?:/|$).*)$</from>
        &no-expire;
    </rule>

    <rule>
        <from casesensitive="true">^/admin/*$</from>
        <to last="true" type="temporary-redirect">/SAAS%{attribute:tenantpath}/admin/dashboard/</to>
    </rule>

    <rule>
        <from casesensitive="true">^(/admin/.+)$</from>
        <to last="true" type="temporary-redirect">/SAAS%{attribute:tenantpath}$1</to>
    </rule>

    <rule>
        <from casesensitive="true">^(/auth(?:/|$).*)$</from>
        <to last="true" type="temporary-redirect">/SAAS%{attribute:tenantpath}$1</to>
    </rule>

    <rule>
        <from casesensitive="true">^(/login(?:/|$).*)$</from>
        <to last="true" type="temporary-redirect">/SAAS%{attribute:tenantpath}/auth$1</to>
    </rule>

    <rule>
        <from casesensitive="true">^(/logout(?:/|$).*)$</from>
        <to last="true" type="temporary-redirect">/SAAS%{attribute:tenantpath}/auth$1</to>
    </rule>

    <rule>
        <from casesensitive="true">^(/enroll(?:/|$).*)$</from>
        <to last="true" type="temporary-redirect">/SAAS%{attribute:tenantpath}$1</to>
    </rule>

    <rule>
        <from casesensitive="true">^/web((\?.*|\/.*)?)$</from>
        <to last="true" type="temporary-redirect">/SAAS%{attribute:tenantpath}/apps/</to>
    </rule>

    <!-- <host>:8443/ to show shortcuts -->
    <rule>
        <from casesensitive="true">^/$</from>
        <condition type="port" operator="equal">8443</condition>
        <to last="true" type="temporary-redirect">/cfg/shortcuts</to>
    </rule>

