<?xml version="1.0" encoding="utf-8"?>
<!DOCTYPE urlrewriteconnector PUBLIC "-//tuckey.org//DTD UrlRewrite 4.0//EN"
        "http://www.tuckey.org/res/dtds/urlrewrite4.0.dtd" [
        <!ENTITY security-headers SYSTEM "security-headers.xml">
        <!ENTITY no-expire SYSTEM "no-expire.xml">
        <!ENTITY urlrewrite-common SYSTEM "urlrewrite-common.xml">
        ]>

<!--

    Configuration file for UrlRewriteFilter - Connector-only deployment
    http://www.tuckey.org/urlrewrite/

-->
<urlrewrite use-query-string="true">

    &urlrewrite-common;

    <rule>
        <from casesensitive="true">^/SAAS.*$</from>
        <to last="true" type="redirect">%{scheme}://%{server-name}:8443/</to>
    </rule>

    <rule>
        <from casesensitive="true">^/$</from>
        <to last="true" type="temporary-redirect">/hc%{attribute:tenantpath}/</to>
    </rule>

</urlrewrite>
